<?xml version="1.0" encoding="utf-8"?>
<SharedProductData xmlns:xsi="http://www.w3.org/2001/XMLSchema-instance" xmlns:xsd="http://www.w3.org/2001/XMLSchema">
  <ReleaseDescriptorNoSpaces>Xerox_VersaLink_B7025_B7030_B7035</ReleaseDescriptorNoSpaces>
  <ReleaseDescriptorWithSpaces>Xerox VersaLink B7025/B7030/B7035</ReleaseDescriptorWithSpaces>
  <RecommendedPdl>PCL6</RecommendedPdl>
  <V4DriverPDL>PS</V4DriverPDL>
  <V4DriverPDL>PCL6</V4DriverPDL>
  <WebLinkModelId>VLB70XX</WebLinkModelId>
  <CWISColorLevelsLink>http://{0}/status/consumables.php</CWISColorLevelsLink>
  <CWISPaperLevelsLink>http://{0}/status/trays.php</CWISPaperLevelsLink>
  <DefaultRegistrationModel>VLB70XX</DefaultRegistrationModel>
  <capabilities>
    <ControllerFamily>NEXTWAVE</ControllerFamily>
    <ControllerFamilyVersion>1.0</ControllerFamilyVersion>
    <PowerEngageSupport>Available</PowerEngageSupport>
    <!-- Microsoft's Auto-Config requires firmware update to D2.1 (e.g. SMP-1) or later. -->
    <MicrosoftWsdMonAutoConfig>SupportedPostLaunch</MicrosoftWsdMonAutoConfig>
    <MicrosoftTcpMonAutoConfig>SupportedPostLaunch</MicrosoftTcpMonAutoConfig>
    <XBDSLevel>1.0</XBDSLevel>
    <XCPTLevel>1.0</XCPTLevel>
    <CBRLevel>1.0</CBRLevel>
    <ColorCapability>Monochrome</ColorCapability>
    <MediaTypeTranslation>Office</MediaTypeTranslation>
    <LDAPPhonebook>Available</LDAPPhonebook>
  </capabilities>
  <models>
    <PrinterModel>
      <ModelName>Xerox VersaLink B7025</ModelName>
	  <Mimic>Xerox_VLB70xx_48.png</Mimic>
	  <Mimic256>Xerox_VLB70xx_256.png</Mimic256>
      <SysObjectIds>
        <string>1.3.6.1.4.1.253.8.62.1.34.3.1</string>
      </SysObjectIds>
      <USBProductId>891D</USBProductId>
      <RatedSpeed>25</RatedSpeed>
      <HardwareId>XeroxVersaLink_B702530BC</HardwareId>
      <ConditionalModelDesignation>B7025</ConditionalModelDesignation>
      <WebLinkModelId>VLB70XX</WebLinkModelId>
      <DeviceStageIconName>dm_Tombolo</DeviceStageIconName>
      <PowerengageBrand>VersaLink</PowerengageBrand>
      <PowerengageModel>B7025</PowerengageModel>
    </PrinterModel>
    <PrinterModel>
      <ModelName>Xerox VersaLink B7030</ModelName>
	  <Mimic>Xerox_VLB70xx_48.png</Mimic>
	  <Mimic256>Xerox_VLB70xx_256.png</Mimic256>
      <SysObjectIds>
        <string>1.3.6.1.4.1.253.8.62.1.34.3.2</string>
      </SysObjectIds>
      <USBProductId>891E</USBProductId>
      <RatedSpeed>30</RatedSpeed>
      <HardwareId>XeroxVersaLink_B7030A37D</HardwareId>
      <ConditionalModelDesignation>B7030</ConditionalModelDesignation>
      <WebLinkModelId>VLB70XX</WebLinkModelId>
      <DeviceStageIconName>dm_Tombolo</DeviceStageIconName>
      <PowerengageBrand>VersaLink</PowerengageBrand>
      <PowerengageModel>B7030</PowerengageModel>
    </PrinterModel>
    <PrinterModel>
      <ModelName>Xerox VersaLink B7035</ModelName>
	  <Mimic>Xerox_VLB70xx_48.png</Mimic>
	  <Mimic256>Xerox_VLB70xx_256.png</Mimic256>
      <SysObjectIds>
        <string>1.3.6.1.4.1.253.8.62.1.34.3.3</string>
      </SysObjectIds>
      <USBProductId>891F</USBProductId>
      <RatedSpeed>35</RatedSpeed>
      <HardwareId>XeroxVersaLink_B7035A0BD</HardwareId>
      <ConditionalModelDesignation>B7035</ConditionalModelDesignation>
      <WebLinkModelId>VLB70XX</WebLinkModelId>
      <DeviceStageIconName>dm_Tombolo</DeviceStageIconName>
      <PowerengageBrand>VersaLink</PowerengageBrand>
      <PowerengageModel>B7035</PowerengageModel>
    </PrinterModel>
  </models>
</SharedProductData>